{"cameraMode":{"drawMode":0,"name":"Shaded","section":"Shading Mode"},"sceneLighting":true,"audioPlay":false,"sceneViewState":{"showFog":true,"showMaterialUpdate":false,"showSkybox":true,"showFlares":true,"showImageEffects":true,"showParticleSystems":true},"in2DMode":false,"pivot":{"x":1.0451562404632569,"y":4.054811000823975,"z":16.202035903930665},"rotation":{"x":0.049422234296798709,"y":0.6646800637245178,"z":-0.04414372146129608,"w":0.7441835403442383},"size":0.0029990673065185549,"orthographic":false}